MESORREGIAO;MICRORREGIAO;Municípios
CENTRAL POTIGUAR;SERIDÓ ORIENTAL;ACARI
OESTE POTIGUAR;VALE DO AÇU;AÇU
CENTRAL POTIGUAR;ANGICOS;AFONSO BEZERRA
OESTE POTIGUAR;SERRA DE SÃO MIGUEL;ÁGUA NOVA
OESTE POTIGUAR;PAU DOS FERROS;ALEXANDRIA
OESTE POTIGUAR;UMARIZAL;ALMINO AFONSO
OESTE POTIGUAR;VALE DO AÇU;ALTO DO RODRIGUES
CENTRAL POTIGUAR;ANGICOS;ANGICOS
OESTE POTIGUAR;UMARIZAL;ANTÔNIO MARTINS
OESTE POTIGUAR;CHAPADA DO APODI;APODI
OESTE POTIGUAR;MOSSORÓ;AREIA BRANCA
LESTE POTIGUAR;LITORAL SUL;ARÊS
LESTE POTIGUAR;LITORAL SUL;BAÍA FORMOSA
OESTE POTIGUAR;MOSSORÓ;BARAÚNA
AGRESTE POTIGUAR;BORBOREMA POTIGUAR;BARCELONA
AGRESTE POTIGUAR;BAIXA VERDE;BENTO FERNANDES
AGRESTE POTIGUAR;AGRESTE POTIGUAR;JANUÁRIO CICCO
CENTRAL POTIGUAR;SERRA DE SANTANA;BODÓ
AGRESTE POTIGUAR;AGRESTE POTIGUAR;BOM JESUS
AGRESTE POTIGUAR;AGRESTE POTIGUAR;BREJINHO
CENTRAL POTIGUAR;MACAU;CAIÇARA DO NORTE
CENTRAL POTIGUAR;ANGICOS;CAIÇARA DO RIO DO VENTO
CENTRAL POTIGUAR;SERIDÓ OCIDENTAL;CAICÓ
OESTE POTIGUAR;MÉDIO OESTE;AUGUSTO SEVERO
AGRESTE POTIGUAR;BORBOREMA POTIGUAR;CAMPO REDONDO
LESTE POTIGUAR;LITORAL SUL;CANGUARETAMA
OESTE POTIGUAR;CHAPADA DO APODI;CARAÚBAS
CENTRAL POTIGUAR;SERIDÓ ORIENTAL;CARNAÚBA DOS DANTAS
OESTE POTIGUAR;VALE DO AÇU;CARNAUBAIS
LESTE POTIGUAR;MACAÍBA;CEARÁ-MIRIM
CENTRAL POTIGUAR;SERRA DE SANTANA;CERRO CORÁ
AGRESTE POTIGUAR;BORBOREMA POTIGUAR;CORONEL EZEQUIEL
OESTE POTIGUAR;SERRA DE SÃO MIGUEL;CORONEL JOÃO PESSOA
CENTRAL POTIGUAR;SERIDÓ ORIENTAL;CRUZETA
CENTRAL POTIGUAR;SERIDÓ ORIENTAL;CURRAIS NOVOS
OESTE POTIGUAR;SERRA DE SÃO MIGUEL;DOUTOR SEVERIANO
OESTE POTIGUAR;SERRA DE SÃO MIGUEL;ENCANTO
CENTRAL POTIGUAR;SERIDÓ ORIENTAL;EQUADOR
LESTE POTIGUAR;LITORAL SUL;ESPÍRITO SANTO
LESTE POTIGUAR;NATAL;EXTREMOZ
OESTE POTIGUAR;CHAPADA DO APODI;FELIPE GUERRA
CENTRAL POTIGUAR;ANGICOS;FERNANDO PEDROZA
CENTRAL POTIGUAR;SERRA DE SANTANA;FLORÂNIA
OESTE POTIGUAR;PAU DOS FERROS;FRANCISCO DANTAS
OESTE POTIGUAR;UMARIZAL;FRUTUOSO GOMES
CENTRAL POTIGUAR;MACAU;GALINHOS
LESTE POTIGUAR;LITORAL SUL;GOIANINHA
OESTE POTIGUAR;CHAPADA DO APODI;GOVERNADOR DIX-SEPT ROSADO
OESTE POTIGUAR;MOSSORÓ;GROSSOS
CENTRAL POTIGUAR;MACAU;GUAMARÉ
AGRESTE POTIGUAR;AGRESTE POTIGUAR;IELMO MARINHO
OESTE POTIGUAR;VALE DO AÇU;IPANGUAÇU
CENTRAL POTIGUAR;SERIDÓ OCIDENTAL;IPUEIRA
OESTE POTIGUAR;VALE DO AÇU;ITAJÁ
OESTE POTIGUAR;PAU DOS FERROS;ITAÚ
AGRESTE POTIGUAR;BORBOREMA POTIGUAR;JAÇANÃ
AGRESTE POTIGUAR;BAIXA VERDE;JANDAÍRA
OESTE POTIGUAR;MÉDIO OESTE;JANDUÍS
AGRESTE POTIGUAR;BORBOREMA POTIGUAR;JAPI
CENTRAL POTIGUAR;ANGICOS;JARDIM DE ANGICOS
CENTRAL POTIGUAR;SERIDÓ OCIDENTAL;JARDIM DE PIRANHAS
CENTRAL POTIGUAR;SERIDÓ ORIENTAL;JARDIM DO SERIDÓ
AGRESTE POTIGUAR;BAIXA VERDE;JOÃO CÂMARA
OESTE POTIGUAR;UMARIZAL;JOÃO DIAS
OESTE POTIGUAR;PAU DOS FERROS;JOSÉ DA PENHA
OESTE POTIGUAR;VALE DO AÇU;JUCURUTU
AGRESTE POTIGUAR;AGRESTE POTIGUAR;JUNDIÁ
AGRESTE POTIGUAR;AGRESTE POTIGUAR;LAGOA D'ANTA
AGRESTE POTIGUAR;AGRESTE POTIGUAR;LAGOA DE PEDRAS
AGRESTE POTIGUAR;BORBOREMA POTIGUAR;LAGOA DE VELHOS
CENTRAL POTIGUAR;SERRA DE SANTANA;LAGOA NOVA
AGRESTE POTIGUAR;AGRESTE POTIGUAR;LAGOA SALGADA
CENTRAL POTIGUAR;ANGICOS;LAJES
AGRESTE POTIGUAR;BORBOREMA POTIGUAR;LAJES PINTADAS
OESTE POTIGUAR;UMARIZAL;LUCRÉCIA
OESTE POTIGUAR;SERRA DE SÃO MIGUEL;LUÍS GOMES
LESTE POTIGUAR;MACAÍBA;MACAÍBA
CENTRAL POTIGUAR;MACAU;MACAU
OESTE POTIGUAR;SERRA DE SÃO MIGUEL;MAJOR SALES
OESTE POTIGUAR;PAU DOS FERROS;MARCELINO VIEIRA
OESTE POTIGUAR;UMARIZAL;MARTINS
LESTE POTIGUAR;LITORAL NORDESTE;MAXARANGUAPE
OESTE POTIGUAR;MÉDIO OESTE;MESSIAS TARGINO
LESTE POTIGUAR;LITORAL SUL;MONTANHAS
AGRESTE POTIGUAR;AGRESTE POTIGUAR;MONTE ALEGRE
AGRESTE POTIGUAR;BORBOREMA POTIGUAR;MONTE DAS GAMELEIRAS
OESTE POTIGUAR;MOSSORÓ;MOSSORÓ
LESTE POTIGUAR;NATAL;NATAL
LESTE POTIGUAR;MACAÍBA;NÍSIA FLORESTA
AGRESTE POTIGUAR;AGRESTE POTIGUAR;NOVA CRUZ
OESTE POTIGUAR;UMARIZAL;OLHO D'ÁGUA DO BORGES
CENTRAL POTIGUAR;SERIDÓ ORIENTAL;OURO BRANCO
OESTE POTIGUAR;PAU DOS FERROS;PARANÁ
OESTE POTIGUAR;MÉDIO OESTE;PARAÚ
AGRESTE POTIGUAR;BAIXA VERDE;PARAZINHO
CENTRAL POTIGUAR;SERIDÓ ORIENTAL;PARELHAS
LESTE POTIGUAR;NATAL;PARNAMIRIM
AGRESTE POTIGUAR;AGRESTE POTIGUAR;PASSA E FICA
AGRESTE POTIGUAR;AGRESTE POTIGUAR;PASSAGEM
OESTE POTIGUAR;UMARIZAL;PATU
OESTE POTIGUAR;PAU DOS FERROS;PAU DOS FERROS
LESTE POTIGUAR;LITORAL NORDESTE;PEDRA GRANDE
CENTRAL POTIGUAR;ANGICOS;PEDRA PRETA
CENTRAL POTIGUAR;ANGICOS;PEDRO AVELINO
LESTE POTIGUAR;LITORAL SUL;PEDRO VELHO
OESTE POTIGUAR;VALE DO AÇU;PENDÊNCIAS
OESTE POTIGUAR;PAU DOS FERROS;PILÕES
AGRESTE POTIGUAR;BAIXA VERDE;POÇO BRANCO
OESTE POTIGUAR;PAU DOS FERROS;PORTALEGRE
OESTE POTIGUAR;VALE DO AÇU;PORTO DO MANGUE
LESTE POTIGUAR;LITORAL NORDESTE;PUREZA
OESTE POTIGUAR;PAU DOS FERROS;RAFAEL FERNANDES
OESTE POTIGUAR;UMARIZAL;RAFAEL GODEIRO
OESTE POTIGUAR;PAU DOS FERROS;RIACHO DA CRUZ
OESTE POTIGUAR;SERRA DE SÃO MIGUEL;RIACHO DE SANTANA
AGRESTE POTIGUAR;AGRESTE POTIGUAR;RIACHUELO
LESTE POTIGUAR;LITORAL NORDESTE;RIO DO FOGO
OESTE POTIGUAR;PAU DOS FERROS;RODOLFO FERNANDES
AGRESTE POTIGUAR;BORBOREMA POTIGUAR;RUY BARBOSA
AGRESTE POTIGUAR;BORBOREMA POTIGUAR;SANTA CRUZ
AGRESTE POTIGUAR;AGRESTE POTIGUAR;SANTA MARIA
CENTRAL POTIGUAR;SERRA DE SANTANA;SANTANA DO MATOS
CENTRAL POTIGUAR;SERIDÓ ORIENTAL;SANTANA DO SERIDÓ
AGRESTE POTIGUAR;AGRESTE POTIGUAR;SANTO ANTÔNIO
CENTRAL POTIGUAR;MACAU;SÃO BENTO DO NORTE
AGRESTE POTIGUAR;BORBOREMA POTIGUAR;SÃO BENTO DO TRAIRÍ
CENTRAL POTIGUAR;SERIDÓ OCIDENTAL;SÃO FERNANDO
OESTE POTIGUAR;PAU DOS FERROS;SÃO FRANCISCO DO OESTE
LESTE POTIGUAR;MACAÍBA;SÃO GONÇALO DO AMARANTE
CENTRAL POTIGUAR;SERIDÓ OCIDENTAL;SÃO JOÃO DO SABUGI
LESTE POTIGUAR;MACAÍBA;SÃO JOSÉ DE MIPIBU
AGRESTE POTIGUAR;BORBOREMA POTIGUAR;SÃO JOSÉ DO CAMPESTRE
CENTRAL POTIGUAR;SERIDÓ ORIENTAL;SÃO JOSÉ DO SERIDÓ
OESTE POTIGUAR;SERRA DE SÃO MIGUEL;SÃO MIGUEL
LESTE POTIGUAR;LITORAL NORDESTE;SÃO MIGUEL DO GOSTOSO
AGRESTE POTIGUAR;AGRESTE POTIGUAR;SÃO PAULO DO POTENGI
AGRESTE POTIGUAR;AGRESTE POTIGUAR;SÃO PEDRO
OESTE POTIGUAR;VALE DO AÇU;SÃO RAFAEL
AGRESTE POTIGUAR;BORBOREMA POTIGUAR;SÃO TOMÉ
CENTRAL POTIGUAR;SERRA DE SANTANA;SÃO VICENTE
AGRESTE POTIGUAR;AGRESTE POTIGUAR;SENADOR ELÓI DE SOUZA
LESTE POTIGUAR;LITORAL SUL;SENADOR GEORGINO AVELINO
AGRESTE POTIGUAR;AGRESTE POTIGUAR;SERRA CAIADA
AGRESTE POTIGUAR;BORBOREMA POTIGUAR;SERRA DE SÃO BENTO
OESTE POTIGUAR;MOSSORÓ;SERRA DO MEL
CENTRAL POTIGUAR;SERIDÓ OCIDENTAL;SERRA NEGRA DO NORTE
AGRESTE POTIGUAR;AGRESTE POTIGUAR;SERRINHA
OESTE POTIGUAR;UMARIZAL;SERRINHA DOS PINTOS
OESTE POTIGUAR;PAU DOS FERROS;SEVERIANO MELO
AGRESTE POTIGUAR;BORBOREMA POTIGUAR;SÍTIO NOVO
OESTE POTIGUAR;PAU DOS FERROS;TABOLEIRO GRANDE
LESTE POTIGUAR;LITORAL NORDESTE;TAIPU
AGRESTE POTIGUAR;BORBOREMA POTIGUAR;TANGARÁ
OESTE POTIGUAR;PAU DOS FERROS;TENENTE ANANIAS
CENTRAL POTIGUAR;SERRA DE SANTANA;TENENTE LAURENTINO CRUZ
OESTE POTIGUAR;MOSSORÓ;TIBAU
LESTE POTIGUAR;LITORAL SUL;TIBAU DO SUL
CENTRAL POTIGUAR;SERIDÓ OCIDENTAL;TIMBAÚBA DOS BATISTAS
LESTE POTIGUAR;LITORAL NORDESTE;TOUROS
OESTE POTIGUAR;MÉDIO OESTE;TRIUNFO POTIGUAR
OESTE POTIGUAR;UMARIZAL;UMARIZAL
OESTE POTIGUAR;MÉDIO OESTE;UPANEMA
AGRESTE POTIGUAR;AGRESTE POTIGUAR;VÁRZEA
OESTE POTIGUAR;SERRA DE SÃO MIGUEL;VENHA-VER
AGRESTE POTIGUAR;AGRESTE POTIGUAR;VERA CRUZ
OESTE POTIGUAR;PAU DOS FERROS;VIÇOSA
LESTE POTIGUAR;LITORAL SUL;VILA FLOR
